Name,Description,regularPrice,currentPrice,Image
Cerveza mbu 750 ml ale porter,CERV GOLD CACAO PORTER MBU  6.5G 750 ML,5990,5990,https://www.tottus.cl/static/images/temp/placeholder-image.jpg
Pack cerveza kunstmann 6X350cc torobayo botella,,7059,7059,https://7483c243aa9da28f329c-903e05bc00667eb97d832a11f670edad.ssl.cf1.rackcdn.com/img-DG-FOV6-.jpg
Pack cerveza budweiser 6X355cc lata,,4739,4739,https://7483c243aa9da28f329c-903e05bc00667eb97d832a11f670edad.ssl.cf1.rackcdn.com/img-xlo4vHJi.jpg
Cerveza weidmann 500ml,,590,590,https://7483c243aa9da28f329c-903e05bc00667eb97d832a11f670edad.ssl.cf1.rackcdn.com/img-Gky9mn2t.jpg
Pack cerveza becks 6X330cc lager,CERVEZA LAGER  BECKS  0G 330 X6 CC,3890,3890,https://7483c243aa9da28f329c-903e05bc00667eb97d832a11f670edad.ssl.cf1.rackcdn.com/20435127-5CxlNYKP.jpg
Pack cerveza grolsch 6X330cc lata,,5659,5659,https://7483c243aa9da28f329c-903e05bc00667eb97d832a11f670edad.ssl.cf1.rackcdn.com/img-EXg0NBJl.jpg
Cerveza kunstmann 470 cc,CERVEZA TOROBAYO LT KNST  5G 470 CC ,1679,1679,https://7483c243aa9da28f329c-903e05bc00667eb97d832a11f670edad.ssl.cf1.rackcdn.com/20424526-NbJXEPQ4.jpg
Cerveza wychwood 500ml lata,,1490,1490,https://7483c243aa9da28f329c-903e05bc00667eb97d832a11f670edad.ssl.cf1.rackcdn.com/20235638-RXRZwwQX.jpg
Pack cerveza carlsberg 6X330cc lata,,5359,5359,https://7483c243aa9da28f329c-903e05bc00667eb97d832a11f670edad.ssl.cf1.rackcdn.com/20093441-XxaCp_3Q.jpg
Cerveza cristal 1 lt,CERVEZA CRISTAL DESECH. 4.6G GL 1 LT ,1000,1000,https://7483c243aa9da28f329c-903e05bc00667eb97d832a11f670edad.ssl.cf1.rackcdn.com/img-086HAodU.jpg
Pack cerveza cusqueña 4X330cc dark lager,,4699,4699,https://7483c243aa9da28f329c-903e05bc00667eb97d832a11f670edad.ssl.cf1.rackcdn.com/img-3TgOnXlQ.jpg
Cerveza weidmann 330ml lata,,599,599,https://7483c243aa9da28f329c-903e05bc00667eb97d832a11f670edad.ssl.cf1.rackcdn.com/20352136-DmrI3SA0.jpg
Cerveza mbu 300 ml ipa botella,,2989,2989,https://7483c243aa9da28f329c-903e05bc00667eb97d832a11f670edad.ssl.cf1.rackcdn.com/img-eVQgt0bJ.jpg
Cerveza monastere 750 ml rubia,,1990,1990,https://7483c243aa9da28f329c-903e05bc00667eb97d832a11f670edad.ssl.cf1.rackcdn.com/img-MoyNy--m.jpg
Cerveza omer 330 ml rubia,,1797,1797,https://7483c243aa9da28f329c-903e05bc00667eb97d832a11f670edad.ssl.cf1.rackcdn.com/img-HyTlwPxJ.jpg
Pack cerveza mahou 6X330cc sin gluten botella,,7619,7619,https://7483c243aa9da28f329c-903e05bc00667eb97d832a11f670edad.ssl.cf1.rackcdn.com/img-HP18wptj.jpg
Pack cerveza corona 24X355cc lager botella,,14990,14990,https://7483c243aa9da28f329c-903e05bc00667eb97d832a11f670edad.ssl.cf1.rackcdn.com/img-Nf7E7jh4.jpg
Cerveza weidmann 330ml lata,,628,628,https://7483c243aa9da28f329c-903e05bc00667eb97d832a11f670edad.ssl.cf1.rackcdn.com/img-tfweOykZ.jpg
Pack cerveza cristal 18X350cc lata,,8399,8399,https://7483c243aa9da28f329c-903e05bc00667eb97d832a11f670edad.ssl.cf1.rackcdn.com/img-b0VFZFX5.jpg
Cerveza budweiser 946 ml lager,CERVEZA LAGER  BUDWEISER  5G 946 CC,1990,1990,https://7483c243aa9da28f329c-903e05bc00667eb97d832a11f670edad.ssl.cf1.rackcdn.com/img-LlxcAkX1.jpg
Cerveza kross 330cc,,1990,1990,https://7483c243aa9da28f329c-903e05bc00667eb97d832a11f670edad.ssl.cf1.rackcdn.com/img-VuFu9svC.jpg
Pack cerveza budweiser 12X355cc lata,,8559,8559,https://7483c243aa9da28f329c-903e05bc00667eb97d832a11f670edad.ssl.cf1.rackcdn.com/img-m91dM6S7.jpg
Cerveza kross 701 cc golden botella,,2459,2459,https://7483c243aa9da28f329c-903e05bc00667eb97d832a11f670edad.ssl.cf1.rackcdn.com/img-Aw8w38jw.jpg
Cerveza delirium 330 cc,,2599,2599,https://7483c243aa9da28f329c-903e05bc00667eb97d832a11f670edad.ssl.cf1.rackcdn.com/20406894-2HldfQ1x.jpg
Pack cerveza budweiser 6X355cc long neck botella,,5159,5159,https://7483c243aa9da28f329c-903e05bc00667eb97d832a11f670edad.ssl.cf1.rackcdn.com/img-Q1O__2Eg.jpg
Pack cerveza austral 4X330cc lager long neck botella,,3990,3990,https://7483c243aa9da28f329c-903e05bc00667eb97d832a11f670edad.ssl.cf1.rackcdn.com/img-Pm9LaC4K.jpg
Pack cerveza royal guard 24X355cc lager,CERVEZA LAGER X24 LN ROYAL G  5G 355 CC,19390,19390,https://7483c243aa9da28f329c-903e05bc00667eb97d832a11f670edad.ssl.cf1.rackcdn.com/img-aBBDgnSa.jpg
Cerve Artesanal Flann Bot 4.2º Gl 333 Cc,,867,867,https://7483c243aa9da28f329c-903e05bc00667eb97d832a11f670edad.ssl.cf1.rackcdn.com/img-_nwmlcK1.jpg
Cerveza gulden draak 750 cc,,6229,6229,https://7483c243aa9da28f329c-903e05bc00667eb97d832a11f670edad.ssl.cf1.rackcdn.com/img-sxmNCuOZ.jpg
Pack cerveza escudo 6X355cc long neck,,4219,4219,https://7483c243aa9da28f329c-903e05bc00667eb97d832a11f670edad.ssl.cf1.rackcdn.com/img-WDjUvyJ3.jpg
Cerveza oettinger 500 cc,,699,699,https://7483c243aa9da28f329c-903e05bc00667eb97d832a11f670edad.ssl.cf1.rackcdn.com/img-HW7hMdLA.jpg
Cerveza pawel kwak 330 ml,,2189,2189,https://7483c243aa9da28f329c-903e05bc00667eb97d832a11f670edad.ssl.cf1.rackcdn.com/img-FgIQRMw6.jpg
Pack cerveza estrella damm 4X330ml inedit botella,,5749,5749,https://7483c243aa9da28f329c-903e05bc00667eb97d832a11f670edad.ssl.cf1.rackcdn.com/img-HF97KzhJ.jpg
Cerveza erdinger 500cc,,2249,2249,https://7483c243aa9da28f329c-903e05bc00667eb97d832a11f670edad.ssl.cf1.rackcdn.com/img-Ab50ZbUH.jpg
Pack cerveza estrella damm 6X330cc botella,,5859,5859,https://7483c243aa9da28f329c-903e05bc00667eb97d832a11f670edad.ssl.cf1.rackcdn.com/20249545-ebQitssb.png
Pack cerveza coors 12X350cc lager lata,,9109,9109,https://7483c243aa9da28f329c-903e05bc00667eb97d832a11f670edad.ssl.cf1.rackcdn.com/20341856-bbQdA2eK.jpg
Cerveza peroni 330 cc peroni,,5989,5989,https://7483c243aa9da28f329c-903e05bc00667eb97d832a11f670edad.ssl.cf1.rackcdn.com/img-d3g6dnzS.jpg
Cerveza dolbek 330 cc botella,,1000,1000,https://7483c243aa9da28f329c-903e05bc00667eb97d832a11f670edad.ssl.cf1.rackcdn.com/img-obC0UDDf.jpg
Pack cerveza royal guard 6X355cc scot botella,CERV SCOT BOT ROYAL GUA  5G PK 6X355 CC,3590,3590,https://7483c243aa9da28f329c-903e05bc00667eb97d832a11f670edad.ssl.cf1.rackcdn.com/img-EitH3NtH.jpg
Pack cerveza cristal 6X350cc,,2850,2850,https://7483c243aa9da28f329c-903e05bc00667eb97d832a11f670edad.ssl.cf1.rackcdn.com/img-sUhuiKlI.jpg
Cerveza mbu 300ml trigo botella,,2989,2989,https://7483c243aa9da28f329c-903e05bc00667eb97d832a11f670edad.ssl.cf1.rackcdn.com/img-U5q2l_TK.jpg
Cerveza youngs 440ml ale stout lata,,1889,1889,https://7483c243aa9da28f329c-903e05bc00667eb97d832a11f670edad.ssl.cf1.rackcdn.com/img-VzedzLVk.jpg
Pack cerveza cristal 6X350cc sin alcohol lata,,2850,2850,https://7483c243aa9da28f329c-903e05bc00667eb97d832a11f670edad.ssl.cf1.rackcdn.com/img-aYbcSv-J.jpg
Cerveza schofferhofer 500ml lata,,1319,1319,https://7483c243aa9da28f329c-903e05bc00667eb97d832a11f670edad.ssl.cf1.rackcdn.com/20341846-Pb3eEKSD.png
Cerveza estrella damm 330cc botella,,1090,1090,https://7483c243aa9da28f329c-903e05bc00667eb97d832a11f670edad.ssl.cf1.rackcdn.com/img-W2sntrCr.jpg
Pack cerveza estrella damm 6X330ml voll damm,,4990,4990,https://7483c243aa9da28f329c-903e05bc00667eb97d832a11f670edad.ssl.cf1.rackcdn.com/img-TQN262h2.jpg
Pack cerveza leffe 4X330ml botella,,4190,4190,https://7483c243aa9da28f329c-903e05bc00667eb97d832a11f670edad.ssl.cf1.rackcdn.com/20205093-ucD7iuG8.jpg
Cerveza kaiserdom 500 cc efeweizen lata,,789,789,https://7483c243aa9da28f329c-903e05bc00667eb97d832a11f670edad.ssl.cf1.rackcdn.com/img-Jlmg3v-e.jpg
Cerveza weidmann 5lt,,8990,8990,https://7483c243aa9da28f329c-903e05bc00667eb97d832a11f670edad.ssl.cf1.rackcdn.com/img-TmyYmU2q.jpg
Cerveza oettinger 500 cc lata,,699,699,https://7483c243aa9da28f329c-903e05bc00667eb97d832a11f670edad.ssl.cf1.rackcdn.com/img-1BRqrScX.jpg
Pack cerveza alhambra 4X330cc lager,,5789,5789,https://7483c243aa9da28f329c-903e05bc00667eb97d832a11f670edad.ssl.cf1.rackcdn.com/img-BrDzyQdT.jpg
CERVE AUSTR CALAF LONG NECK 5G GL 330 CC,CERVE AUSTR CALAF LONG NECK 5G GL 330 CC,1659,1659,https://7483c243aa9da28f329c-903e05bc00667eb97d832a11f670edad.ssl.cf1.rackcdn.com/20013872-_JHtpcrK.png
Pack cerveza kunstmann 4X330cc sin alcohol botella,,4490,4490,https://7483c243aa9da28f329c-903e05bc00667eb97d832a11f670edad.ssl.cf1.rackcdn.com/img-ATG1E1-G.jpg
Pack cerveza tubinger 4X330ml,,5119,5119,https://7483c243aa9da28f329c-903e05bc00667eb97d832a11f670edad.ssl.cf1.rackcdn.com/img-XaCf0tD5.jpg
Barril de cerveza eichbaum 5lt efeweizen,,8990,8990,https://7483c243aa9da28f329c-903e05bc00667eb97d832a11f670edad.ssl.cf1.rackcdn.com/img-MYoEbtP_.jpg
Cerveza kunstmann 5 lt lager,,13990,13990,https://7483c243aa9da28f329c-903e05bc00667eb97d832a11f670edad.ssl.cf1.rackcdn.com/img-9kFPc6sB.jpg
Cerveza guayacan 350 cc ipa,,1000,1000,https://7483c243aa9da28f329c-903e05bc00667eb97d832a11f670edad.ssl.cf1.rackcdn.com/img-x_D9V9Fd.jpg
Pack cerveza volcanes 4X350cc chocolate,,5029,5029,https://7483c243aa9da28f329c-903e05bc00667eb97d832a11f670edad.ssl.cf1.rackcdn.com/img-D_OkdSy1.jpg
Pack cerveza goose 4X355cc ipa botella,,4790,4790,https://7483c243aa9da28f329c-903e05bc00667eb97d832a11f670edad.ssl.cf1.rackcdn.com/img-xwlgUKVZ.jpg
Cerveza gulden draak 330 ml drack,,2459,2459,https://7483c243aa9da28f329c-903e05bc00667eb97d832a11f670edad.ssl.cf1.rackcdn.com/img-DNEno-Ps.jpg
Pack cerveza kunstmann 4X330cc lager botella,,4490,4490,https://7483c243aa9da28f329c-903e05bc00667eb97d832a11f670edad.ssl.cf1.rackcdn.com/img-kYklxX3Q.jpg
Pack cerveza oettinger 24X330cc ale pilsner lata,,8990,8990,https://7483c243aa9da28f329c-903e05bc00667eb97d832a11f670edad.ssl.cf1.rackcdn.com/img-mRG31vrf.jpg
Cerveza Lager,,4150,4150,https://7483c243aa9da28f329c-903e05bc00667eb97d832a11f670edad.ssl.cf1.rackcdn.com/img-DxXAh2CX.jpg
Pack cerveza kross 6X330cc golden botella,,6590,6590,https://7483c243aa9da28f329c-903e05bc00667eb97d832a11f670edad.ssl.cf1.rackcdn.com/img-EUas9R63.jpg
Pack cerveza kunstmann 12X330cc torobayo botella,Acumulas 500 CMR Puntos Adicionales,14299,14299,https://7483c243aa9da28f329c-903e05bc00667eb97d832a11f670edad.ssl.cf1.rackcdn.com/img-_o1OtJBX.jpg
Pack cerveza heineken 10X350cc lata,,5890,5890,https://7483c243aa9da28f329c-903e05bc00667eb97d832a11f670edad.ssl.cf1.rackcdn.com/20016826-I6zkDBCY.png
Pack cerveza austral 4X330cc calafate ale botella,,4490,4490,https://7483c243aa9da28f329c-903e05bc00667eb97d832a11f670edad.ssl.cf1.rackcdn.com/img-OR4ynFdW.jpg
Pack cerveza escudo 18X350cc lata,,9039,9039,https://7483c243aa9da28f329c-903e05bc00667eb97d832a11f670edad.ssl.cf1.rackcdn.com/img-hEk46bSs.jpg
Cerveza delirium 330 cc,,2599,2599,https://7483c243aa9da28f329c-903e05bc00667eb97d832a11f670edad.ssl.cf1.rackcdn.com/img-fGS0ZM_m.jpg
Cerveza clausthaler 500 ml,,1449,1449,https://7483c243aa9da28f329c-903e05bc00667eb97d832a11f670edad.ssl.cf1.rackcdn.com/20367565-fsGzW0lp.png
Cerveza darguner 6X330cc dark lata,,1989,1989,https://7483c243aa9da28f329c-903e05bc00667eb97d832a11f670edad.ssl.cf1.rackcdn.com/img-cCIU3U38.jpg
Cerveza oettinger 6X500cc ale pilsner,,3589,3589,https://7483c243aa9da28f329c-903e05bc00667eb97d832a11f670edad.ssl.cf1.rackcdn.com/img-TxaRuopU.jpg
Cerveza Escudo Lager Lata 5.5º GL 350 CC,CERVEZA ESCUDO LAGER LATA 5.5G GL 350 CC,649,649,https://7483c243aa9da28f329c-903e05bc00667eb97d832a11f670edad.ssl.cf1.rackcdn.com/01018413-yqybnICw.png
Cerveza oettinger 500 cc lata,,699,699,https://7483c243aa9da28f329c-903e05bc00667eb97d832a11f670edad.ssl.cf1.rackcdn.com/img-QnpSx_xa.jpg
Pack cerveza budweiser 8X473cc lager,CERVEZA LAGER  BUDWEISER  5G 473 X8 CC,7499,7499,https://7483c243aa9da28f329c-903e05bc00667eb97d832a11f670edad.ssl.cf1.rackcdn.com/20316914-xETH5ytM.jpg
Cerveza kasteel 750 ml lata,,4287,4287,https://7483c243aa9da28f329c-903e05bc00667eb97d832a11f670edad.ssl.cf1.rackcdn.com/20356719-QI1B9eQM.jpg
Cerveza marstons 500 ml botella,,1889,1889,https://7483c243aa9da28f329c-903e05bc00667eb97d832a11f670edad.ssl.cf1.rackcdn.com/img-P8tp7ywI.jpg
Pack cerveza miller 6X350cc premium lata,,5719,5719,https://7483c243aa9da28f329c-903e05bc00667eb97d832a11f670edad.ssl.cf1.rackcdn.com/img-tr8QOUeX.jpg
Cerveza trio extra stout 330ml botella,,789,789,https://7483c243aa9da28f329c-903e05bc00667eb97d832a11f670edad.ssl.cf1.rackcdn.com/img-LGcRJE7R.jpg
Pack cerveza corona 12X355cc,,11799,11799,https://7483c243aa9da28f329c-903e05bc00667eb97d832a11f670edad.ssl.cf1.rackcdn.com/img-5lkNlIGN.jpg
Pack cerveza becker 18X354cc lata,,8689,8689,https://7483c243aa9da28f329c-903e05bc00667eb97d832a11f670edad.ssl.cf1.rackcdn.com/img-JtjSiD-t.jpg
CERVEZA IPA  KM 24.7  4.5G 473X4 CC,CERVEZA IPA  KM 24.7  4.5G 473X4 CC,4190,4190,https://7483c243aa9da28f329c-903e05bc00667eb97d832a11f670edad.ssl.cf1.rackcdn.com/20439474-rs-IOwNU.jpg
Pack cerveza royal guard 6X350cc lata,,4889,4889,https://7483c243aa9da28f329c-903e05bc00667eb97d832a11f670edad.ssl.cf1.rackcdn.com/img-NO2IslO8.jpg
Pack cerveza royal guard 12X350cc lata,,8459,8459,https://7483c243aa9da28f329c-903e05bc00667eb97d832a11f670edad.ssl.cf1.rackcdn.com/img-0KcFRbYX.jpg
Cerveza del puerto ale stout,,1219,1219,https://7483c243aa9da28f329c-903e05bc00667eb97d832a11f670edad.ssl.cf1.rackcdn.com/img-rKMS-Gh6.jpg
Cerveza erdinger 500cc dunkel,,2249,2249,https://7483c243aa9da28f329c-903e05bc00667eb97d832a11f670edad.ssl.cf1.rackcdn.com/img-OASTzV2Q.jpg
Pack cerveza heineken 6x330cc long neck,,5949,5949,https://7483c243aa9da28f329c-903e05bc00667eb97d832a11f670edad.ssl.cf1.rackcdn.com/img--k9gl0Xm.jpg
Pack 6 cerveza cusqueña X355cc lata,,4439,4439,https://7483c243aa9da28f329c-903e05bc00667eb97d832a11f670edad.ssl.cf1.rackcdn.com/img-WBv35YDi.jpg
Cerveza arsenalnoye 470 cc.,,1029,1029,https://7483c243aa9da28f329c-903e05bc00667eb97d832a11f670edad.ssl.cf1.rackcdn.com/img-5rTJTAwW.jpg
Pack cerveza austral 4X350cc yagan botella,,4490,4490,https://7483c243aa9da28f329c-903e05bc00667eb97d832a11f670edad.ssl.cf1.rackcdn.com/img-eW_P0a2f.jpg
Pack cerveza szot 4X330cc ale stout botella,,4000,4000,https://7483c243aa9da28f329c-903e05bc00667eb97d832a11f670edad.ssl.cf1.rackcdn.com/img-OQR45MEV.jpg
Cerveza charles wells 330ml lata,,999,999,https://7483c243aa9da28f329c-903e05bc00667eb97d832a11f670edad.ssl.cf1.rackcdn.com/img-xfCiBudh.jpg
Cerveza weidmann 500ml dunkel,,889,889,https://7483c243aa9da28f329c-903e05bc00667eb97d832a11f670edad.ssl.cf1.rackcdn.com/img-qnGZx-TZ.jpg
Pack cerveza mestra 4X330cc cero alcohol,,3017,3017,https://7483c243aa9da28f329c-903e05bc00667eb97d832a11f670edad.ssl.cf1.rackcdn.com/img-INMX0r0c.jpg
Pack cerveza tubinger 4X330ml,,5629,5629,https://7483c243aa9da28f329c-903e05bc00667eb97d832a11f670edad.ssl.cf1.rackcdn.com/img-WAC3F4bu.jpg
Pack cerveza cusqueña 6X330cc,Acumulas 100 CMR Puntos Adicionales,3590,3590,https://7483c243aa9da28f329c-903e05bc00667eb97d832a11f670edad.ssl.cf1.rackcdn.com/img-lcHKGuQQ.jpg
Cerveza mahou 500cc lata,,919,919,https://7483c243aa9da28f329c-903e05bc00667eb97d832a11f670edad.ssl.cf1.rackcdn.com/img-MnPDF75t.jpg
Pack cerveza lemon stone 6X350cc limon lata,,3190,3190,https://7483c243aa9da28f329c-903e05bc00667eb97d832a11f670edad.ssl.cf1.rackcdn.com/img-2Sx6GUbh.jpg
Pack cerveza grolsch 6X330ml botella,,3837,3837,https://7483c243aa9da28f329c-903e05bc00667eb97d832a11f670edad.ssl.cf1.rackcdn.com/img-GVAcDT4k.jpg
Pack cerveza austral 12X330cc calafate botella,CERVEZA CALAFATE X12 LN AUSTRAL  5G 330C ,14989,14989,https://7483c243aa9da28f329c-903e05bc00667eb97d832a11f670edad.ssl.cf1.rackcdn.com/20434367-SUo7eNCt.jpg
Pack cerveza blue moon 4X355cc botella,,5549,5549,https://7483c243aa9da28f329c-903e05bc00667eb97d832a11f670edad.ssl.cf1.rackcdn.com/img-f4AZyKqn.jpg
Pack cerveza royal guard 6X355cc botella,,3590,3590,https://7483c243aa9da28f329c-903e05bc00667eb97d832a11f670edad.ssl.cf1.rackcdn.com/img-di5f6bJo.jpg
Pack cerveza volcanes 4X350cc lager,,5029,5029,https://7483c243aa9da28f329c-903e05bc00667eb97d832a11f670edad.ssl.cf1.rackcdn.com/img-7e3k3P0a.jpg
Pack cerveza royal guard 6X355cc,CER IPA X6LNC ROYAL GUARD  6.3G 355 CC,3297,3297,https://7483c243aa9da28f329c-903e05bc00667eb97d832a11f670edad.ssl.cf1.rackcdn.com/20439792-vLAaYALo.jpg
Pack cerveza goose 4X355cc botella,,4790,4790,https://7483c243aa9da28f329c-903e05bc00667eb97d832a11f670edad.ssl.cf1.rackcdn.com/img-ZTEc28aU.jpg
Cerveza corona 710 cc,,1999,1999,https://7483c243aa9da28f329c-903e05bc00667eb97d832a11f670edad.ssl.cf1.rackcdn.com/img-IQ9kWyaS.jpg
Pack cerveza escudo 12X350cc lata,,4590,4590,https://7483c243aa9da28f329c-903e05bc00667eb97d832a11f670edad.ssl.cf1.rackcdn.com/img-Be5oUTeD.jpg
Pack cerveza coors 24X350cc lager lata,Acumulas 500 CMR Puntos Adicionales,10290,10290,https://7483c243aa9da28f329c-903e05bc00667eb97d832a11f670edad.ssl.cf1.rackcdn.com/20440686-WUvt-yHv.jpg
Pack cerveza stella artois 6X354cc lata,,5190,5190,https://7483c243aa9da28f329c-903e05bc00667eb97d832a11f670edad.ssl.cf1.rackcdn.com/img-fZDkcQoL.jpg
Cerveza del puerto 330 cc ale porter,,1589,1589,https://7483c243aa9da28f329c-903e05bc00667eb97d832a11f670edad.ssl.cf1.rackcdn.com/img-crbAwlbA.jpg
Pack cerveza austral 4X330cc ruibarbo botella,,4490,4490,https://7483c243aa9da28f329c-903e05bc00667eb97d832a11f670edad.ssl.cf1.rackcdn.com/img-h_nBh6-V.jpg
Cerveza delirium 750 cc,,5769,5769,https://7483c243aa9da28f329c-903e05bc00667eb97d832a11f670edad.ssl.cf1.rackcdn.com/img-7XgmBHPB.jpg
Cerveza kaiserdom 1 lt ale pilsner lata,,2989,2989,https://7483c243aa9da28f329c-903e05bc00667eb97d832a11f670edad.ssl.cf1.rackcdn.com/img-Z3_Vf743.jpg
Pack cerveza miller 12X355cc lager botella,,13419,13419,https://7483c243aa9da28f329c-903e05bc00667eb97d832a11f670edad.ssl.cf1.rackcdn.com/img-OWwazODF.jpg
Cer Hefeweizen Barril Zähringer  5g 5 L,CER HEFEWEIZEN BARRIL ZAHRINGER  5G 5 L ,8990,8990,https://7483c243aa9da28f329c-903e05bc00667eb97d832a11f670edad.ssl.cf1.rackcdn.com/20425034-yAco-wKh.jpg
Pack cerveza volcanes 4X350cc lucuma,,5029,5029,https://7483c243aa9da28f329c-903e05bc00667eb97d832a11f670edad.ssl.cf1.rackcdn.com/img-v1jmEWlF.jpg
Pack cerveza estrella damm 6X330cc lata,,4490,4490,https://7483c243aa9da28f329c-903e05bc00667eb97d832a11f670edad.ssl.cf1.rackcdn.com/img-KTxiXuPD.jpg
Pack cerveza corona 18X355cc botella,,17569,17569,https://7483c243aa9da28f329c-903e05bc00667eb97d832a11f670edad.ssl.cf1.rackcdn.com/img-b1aCGR-F.jpg
Cerveza delirium 330 cc,,2599,2599,https://7483c243aa9da28f329c-903e05bc00667eb97d832a11f670edad.ssl.cf1.rackcdn.com/img-EiI020ey.jpg
Pack cerveza becker 6X354cc lata,,2290,2290,https://7483c243aa9da28f329c-903e05bc00667eb97d832a11f670edad.ssl.cf1.rackcdn.com/img-lbatsubP.jpg
Pack cerveza austral 6X330cc calafate botella,,5990,5990,https://7483c243aa9da28f329c-903e05bc00667eb97d832a11f670edad.ssl.cf1.rackcdn.com/img-FOhtMXi7.jpg
Cerveza gulden draak 330 cc ale,,2589,2589,https://7483c243aa9da28f329c-903e05bc00667eb97d832a11f670edad.ssl.cf1.rackcdn.com/img-EzDrK08h.jpg
Cerveza dolbek 330 cc lager botella,,1000,1000,https://7483c243aa9da28f329c-903e05bc00667eb97d832a11f670edad.ssl.cf1.rackcdn.com/img-3GjxL9ky.jpg
Pack cerveza coors 6X355cc lager botella,CERV LAGER X6 STUBBY COORS ORIG5G 355CC ,5569,5569,https://7483c243aa9da28f329c-903e05bc00667eb97d832a11f670edad.ssl.cf1.rackcdn.com/img-hPet3j5n.jpg
Cerv Lager Barril Ureinch  4.8g 5 L,CERV LAGER BARRIL UREINCH  4.8G 5 L ,8990,8990,https://www.tottus.cl/static/images/temp/placeholder-image.jpg
Pack cerveza miller 6X355cc. lager botella,,4590,4590,https://7483c243aa9da28f329c-903e05bc00667eb97d832a11f670edad.ssl.cf1.rackcdn.com/img-lOvO24Jk.jpg
Pack cerveza becker 24X354cc lata,,10990,10990,https://7483c243aa9da28f329c-903e05bc00667eb97d832a11f670edad.ssl.cf1.rackcdn.com/img-urKG1F0h.jpg
Pack cerveza stella artois 24X330cc botella,CERVEZA BOT 24 STELLA ARTOIS  5G 330 CC,21709,21709,https://7483c243aa9da28f329c-903e05bc00667eb97d832a11f670edad.ssl.cf1.rackcdn.com/img-dqWV68oz.jpg
Pack cerveza stella artois 6X330cc,,5619,5619,https://7483c243aa9da28f329c-903e05bc00667eb97d832a11f670edad.ssl.cf1.rackcdn.com/img-i2E2cqqa.jpg
Pack cerveza mahou 6X250cc sin alcohol botella,,3679,3679,https://7483c243aa9da28f329c-903e05bc00667eb97d832a11f670edad.ssl.cf1.rackcdn.com/img-K7qLSaLZ.jpg
Cerveza piraat 330 cc,,2539,2539,https://7483c243aa9da28f329c-903e05bc00667eb97d832a11f670edad.ssl.cf1.rackcdn.com/img-MJuJTSuo.jpg
Pack cerveza kaiserdom 6X6un pilsner,PACK CER BO PIL KAIS 4.8G GL 330 CC 6 UN,4029,4029,https://7483c243aa9da28f329c-903e05bc00667eb97d832a11f670edad.ssl.cf1.rackcdn.com/img-Kggnl-kP.jpg
Cerveza saison dupont 330 ml rubia,,2889,2889,https://7483c243aa9da28f329c-903e05bc00667eb97d832a11f670edad.ssl.cf1.rackcdn.com/img-DKE_pKvb.jpg
Pack cerveza kunstmann 4X330cc bock botella,,4490,4490,https://7483c243aa9da28f329c-903e05bc00667eb97d832a11f670edad.ssl.cf1.rackcdn.com/img-pQ5QHMBX.jpg
Cerveza kaiserdom 500 cc ale pilsner lata,,789,789,https://7483c243aa9da28f329c-903e05bc00667eb97d832a11f670edad.ssl.cf1.rackcdn.com/img-q_mJdsIJ.jpg
Cerveza marstons 500 ml botella,CERV BOT DR THIRSTYS NG4 500ML 4.1G GLG,1889,1889,https://7483c243aa9da28f329c-903e05bc00667eb97d832a11f670edad.ssl.cf1.rackcdn.com/img-3jhyVnoM.jpg
Pack cerveza cristal 6X355cc sin alcohol long neck,,4639,4639,https://7483c243aa9da28f329c-903e05bc00667eb97d832a11f670edad.ssl.cf1.rackcdn.com/img-WFonM8WM.jpg
Pack cerveza cristal 6X350cc lata,,2850,2850,https://7483c243aa9da28f329c-903e05bc00667eb97d832a11f670edad.ssl.cf1.rackcdn.com/img-34OLrbK7.jpg
Cerveza oettinger 500cc efeweizen lata,,699,699,https://7483c243aa9da28f329c-903e05bc00667eb97d832a11f670edad.ssl.cf1.rackcdn.com/img-UzfWIMXH.jpg
Cerveza adnams 440 ml lata,,1299,1299,https://7483c243aa9da28f329c-903e05bc00667eb97d832a11f670edad.ssl.cf1.rackcdn.com/img-NjDPIBW6.jpg
Pack cerveza kunstmann 4X330cc torobayo botella,,4490,4490,https://7483c243aa9da28f329c-903e05bc00667eb97d832a11f670edad.ssl.cf1.rackcdn.com/img-TIvJk0mh.jpg
Pack cerveza kunstmann 4X330cc lager botella,,4490,4490,https://7483c243aa9da28f329c-903e05bc00667eb97d832a11f670edad.ssl.cf1.rackcdn.com/img-DaHI8d0G.jpg
Cerveza del puerto amber,,1219,1219,https://7483c243aa9da28f329c-903e05bc00667eb97d832a11f670edad.ssl.cf1.rackcdn.com/img-j-fcFVNn.jpg
Cerveza dolbek 330 cc ale botella,,1000,1000,https://7483c243aa9da28f329c-903e05bc00667eb97d832a11f670edad.ssl.cf1.rackcdn.com/img-uyzrnBv9.jpg
Pack cerveza budweiser 24X355cc botella,CERVEZA BOT  BUDWEISER  5G 24 UN ,12990,12990,https://7483c243aa9da28f329c-903e05bc00667eb97d832a11f670edad.ssl.cf1.rackcdn.com/img-g9NI6Am1.jpg
Pack cerveza kunstmann 4X330cc arandano botella,,4490,4490,https://7483c243aa9da28f329c-903e05bc00667eb97d832a11f670edad.ssl.cf1.rackcdn.com/img-IZE2cX2-.jpg
Cerveza weidmann 330 ml,,599,599,https://7483c243aa9da28f329c-903e05bc00667eb97d832a11f670edad.ssl.cf1.rackcdn.com/img-E9kSs068.jpg
Cerveza oettinger 330cc lata,,599,599,https://7483c243aa9da28f329c-903e05bc00667eb97d832a11f670edad.ssl.cf1.rackcdn.com/img-jvuK0n0n.jpg
Cerveza becker 6X473cc,,2990,2990,https://7483c243aa9da28f329c-903e05bc00667eb97d832a11f670edad.ssl.cf1.rackcdn.com/img-eA__dCwt.jpg
Cerveza breda royal 330 ml,,589,589,https://7483c243aa9da28f329c-903e05bc00667eb97d832a11f670edad.ssl.cf1.rackcdn.com/img-iIRBwfnz.jpg
Cerveza kasteel 750 ml,,3767,3767,https://7483c243aa9da28f329c-903e05bc00667eb97d832a11f670edad.ssl.cf1.rackcdn.com/20356717-DsJe3IeY.jpg
Pack cerveza escudo 6X355cc lager,,3000,3000,https://7483c243aa9da28f329c-903e05bc00667eb97d832a11f670edad.ssl.cf1.rackcdn.com/img-ILPCciLQ.jpg
Cerveza adnams 500cc,,1889,1889,https://7483c243aa9da28f329c-903e05bc00667eb97d832a11f670edad.ssl.cf1.rackcdn.com/img-gK9kx27Z.jpg
Pack cerveza szot 4X330cc rubia botella,,4000,4000,https://7483c243aa9da28f329c-903e05bc00667eb97d832a11f670edad.ssl.cf1.rackcdn.com/img-eZM-qSwE.jpg
Cerveza del puerto 330 cc ipa,,1219,1219,https://7483c243aa9da28f329c-903e05bc00667eb97d832a11f670edad.ssl.cf1.rackcdn.com/img-JS5cN3YY.jpg
Pack cerveza coors 6X350cc lager lata,CERVEZA LAGER X6LT COORS ORIG 5G 350 CC ,5469,5469,https://7483c243aa9da28f329c-903e05bc00667eb97d832a11f670edad.ssl.cf1.rackcdn.com/img-9inw7oAO.jpg
Cerveza kunstmann 5 lts,,13990,13990,https://7483c243aa9da28f329c-903e05bc00667eb97d832a11f670edad.ssl.cf1.rackcdn.com/img-iygS6M_k.jpg
Cerveza escudo 6X350cc ambar lata,CERVEZA AMBAR X6 LT ESCUDO  5.3G 350 CC,3000,3000,https://7483c243aa9da28f329c-903e05bc00667eb97d832a11f670edad.ssl.cf1.rackcdn.com/Captura-jgUMAZaQ.JPG
Cerveza wychwood 500ml botella,,1969,1969,https://7483c243aa9da28f329c-903e05bc00667eb97d832a11f670edad.ssl.cf1.rackcdn.com/img-CjLisIft.jpg
Pack cerveza kross 4X330pack bock botella,,5649,5649,https://7483c243aa9da28f329c-903e05bc00667eb97d832a11f670edad.ssl.cf1.rackcdn.com/Captura-AzA2Tn-G.JPG
Pack cerveza hoegaarden 4X330cc ,,4190,4190,https://7483c243aa9da28f329c-903e05bc00667eb97d832a11f670edad.ssl.cf1.rackcdn.com/20205092-Qb79nNjh.png
Pack cerveza antillanca 4X350cc lager botella,,3417,3417,https://7483c243aa9da28f329c-903e05bc00667eb97d832a11f670edad.ssl.cf1.rackcdn.com/img-lk7-79WN.jpg
Pack cerveza szot 4X330cc amber botella,,4000,4000,https://7483c243aa9da28f329c-903e05bc00667eb97d832a11f670edad.ssl.cf1.rackcdn.com/img-w20zIgjp.jpg
Cerveza kross 750 cc,,3290,3290,https://7483c243aa9da28f329c-903e05bc00667eb97d832a11f670edad.ssl.cf1.rackcdn.com/20128905-vns3XyYe.png
Cerveza Barril Zahringer 4.9 G,CERV SCHWARZ BARRIL ZAHRINGER  4.9G 5 L ,8990,8990,https://7483c243aa9da28f329c-903e05bc00667eb97d832a11f670edad.ssl.cf1.rackcdn.com/20425033-3F_-D24e.jpg
Pack cerveza corona 6X355cc light botella,,6290,6290,https://7483c243aa9da28f329c-903e05bc00667eb97d832a11f670edad.ssl.cf1.rackcdn.com/img-WfY-fnoE.jpg
Pack cerveza heineken 6X350cc lata,,5239,5239,https://7483c243aa9da28f329c-903e05bc00667eb97d832a11f670edad.ssl.cf1.rackcdn.com/img-IyWBmmgt.jpg
Cerveza clausthaler 330 ml,,1479,1479,https://7483c243aa9da28f329c-903e05bc00667eb97d832a11f670edad.ssl.cf1.rackcdn.com/20128518-ijfHGJ1o.png
Pack cerveza cristal 6X355cc long neck,,4089,4089,https://7483c243aa9da28f329c-903e05bc00667eb97d832a11f670edad.ssl.cf1.rackcdn.com/img-g0w6TBr5.jpg
Cerv Lager Barril Zähringer  4g 5 L,CERV LAGER BARRIL ZAHRINGER  4G 5 L ,8990,8990,https://7483c243aa9da28f329c-903e05bc00667eb97d832a11f670edad.ssl.cf1.rackcdn.com/20425035-fAdsalXf.jpg
Pack cerveza kross 4X330cc ale stout botella,,5699,5699,https://7483c243aa9da28f329c-903e05bc00667eb97d832a11f670edad.ssl.cf1.rackcdn.com/20049844-uLOkbR71.png
Pack cerveza stella artois 12X354cc lata,,8369,8369,https://7483c243aa9da28f329c-903e05bc00667eb97d832a11f670edad.ssl.cf1.rackcdn.com/img-1wBWN1Sa.jpg
Cerveza adnams 500 ml ipa botella,,2199,2199,https://7483c243aa9da28f329c-903e05bc00667eb97d832a11f670edad.ssl.cf1.rackcdn.com/img-TnW2dXhT.jpg
Cerveza oettinger 330cc ale pilsner lata,,599,599,https://7483c243aa9da28f329c-903e05bc00667eb97d832a11f670edad.ssl.cf1.rackcdn.com/img-OyhxWaHp.jpg
Pack cerveza maracuya stones 6X350cc maracuya lata,,3190,3190,https://7483c243aa9da28f329c-903e05bc00667eb97d832a11f670edad.ssl.cf1.rackcdn.com/img-H9cGNnn0.jpg
Pack cerveza austral 4X330cc pale ale botella,,4490,4490,https://7483c243aa9da28f329c-903e05bc00667eb97d832a11f670edad.ssl.cf1.rackcdn.com/img-W2exW82g.jpg
Pack cerveza kross 4X330cc ale pilsner botella,,3990,3990,https://7483c243aa9da28f329c-903e05bc00667eb97d832a11f670edad.ssl.cf1.rackcdn.com/img-CO2L7ak4.jpg
Cerveza miller 650 cc botella,CERVEZA  BOTELLA MILLER  4.5G 650 CC ,1490,1490,https://7483c243aa9da28f329c-903e05bc00667eb97d832a11f670edad.ssl.cf1.rackcdn.com/20426451-Y0D5ixUX.jpg
Pack cerveza royal guard 6X355cc ipa,CERV  X6 LN ROYAL G  IPA  6.3G 355 CC,3590,3590,https://7483c243aa9da28f329c-903e05bc00667eb97d832a11f670edad.ssl.cf1.rackcdn.com/img-yPAoi_xs.jpg
Cerveza breda royal 500ml,,788,788,https://7483c243aa9da28f329c-903e05bc00667eb97d832a11f670edad.ssl.cf1.rackcdn.com/img-CcliTA5j.jpg
Barril de cerveza hofjager 5lt ale pilsner,,8990,8990,https://7483c243aa9da28f329c-903e05bc00667eb97d832a11f670edad.ssl.cf1.rackcdn.com/img-LFv9kWlr.jpg
Cerveza delirium 330 ml,,1587,1587,https://7483c243aa9da28f329c-903e05bc00667eb97d832a11f670edad.ssl.cf1.rackcdn.com/20406893-m6jGGz3m.jpg
Pack cerveza escudo 6X350cc lager silver,,3259,3259,https://7483c243aa9da28f329c-903e05bc00667eb97d832a11f670edad.ssl.cf1.rackcdn.com/img-b-7NsH5S.jpg
Pack cerveza corona 6X355cc botella,Acumulas 100 CMR Puntos Adicionales,4590,4590,https://7483c243aa9da28f329c-903e05bc00667eb97d832a11f670edad.ssl.cf1.rackcdn.com/img-4k01s05A.jpg
Barril de cerveza denninghoffs 5lt weizen,,12849,12849,https://7483c243aa9da28f329c-903e05bc00667eb97d832a11f670edad.ssl.cf1.rackcdn.com/img-KEmW92Np.jpg
Pack cerveza cristal 6X355cc light,,4150,4150,https://7483c243aa9da28f329c-903e05bc00667eb97d832a11f670edad.ssl.cf1.rackcdn.com/img-NPlJ2aR9.jpg
Cerveza pawel kwak 750 cc,CERV ALE INDIV KWAK 750  8G 750 CC,6379,6379,https://7483c243aa9da28f329c-903e05bc00667eb97d832a11f670edad.ssl.cf1.rackcdn.com/img-yBdXSdqs.jpg
Pack cerveza morenita 6X350cc malta lata,,3990,3990,https://7483c243aa9da28f329c-903e05bc00667eb97d832a11f670edad.ssl.cf1.rackcdn.com/img-6v5MqkQx.jpg
Pack cerveza cristal 6X355cc,,4639,4639,https://7483c243aa9da28f329c-903e05bc00667eb97d832a11f670edad.ssl.cf1.rackcdn.com/img-zb5TyXp9.jpg
Pack cerveza stella artois 12X330cc,,6990,6990,https://7483c243aa9da28f329c-903e05bc00667eb97d832a11f670edad.ssl.cf1.rackcdn.com/img-sf3WIUXN.jpg
Pack cerveza becks 6X330cc lager,CERVEZA LAGER  BECKS  5G 330 X6 CC,3890,3890,https://7483c243aa9da28f329c-903e05bc00667eb97d832a11f670edad.ssl.cf1.rackcdn.com/20035336-rDvcFs7E.jpg
Cerveza bombardier 500cc,,2339,2339,https://7483c243aa9da28f329c-903e05bc00667eb97d832a11f670edad.ssl.cf1.rackcdn.com/img-QW_37IZy.jpg
Pack cerveza volcanes 4X350cc negra,,3107,3107,https://7483c243aa9da28f329c-903e05bc00667eb97d832a11f670edad.ssl.cf1.rackcdn.com/img-rgZWigGI.jpg
Cerveza cusqueña 620 cc,,1799,1799,https://7483c243aa9da28f329c-903e05bc00667eb97d832a11f670edad.ssl.cf1.rackcdn.com/img-alTBjvZz.jpg
Pack cerveza royal guard 6X355cc smooth,,3590,3590,https://7483c243aa9da28f329c-903e05bc00667eb97d832a11f670edad.ssl.cf1.rackcdn.com/img-HeuIToJA.jpg
Cerveza adnams 500 ml,,1590,1590,https://7483c243aa9da28f329c-903e05bc00667eb97d832a11f670edad.ssl.cf1.rackcdn.com/img-vjwMkbRy.jpg
Cerveza kunstmann 480cc long neck,,2779,2779,https://7483c243aa9da28f329c-903e05bc00667eb97d832a11f670edad.ssl.cf1.rackcdn.com/img-eNzNM8OV.jpg
Cerveza wychwood 500 ml botella,,1890,1890,https://7483c243aa9da28f329c-903e05bc00667eb97d832a11f670edad.ssl.cf1.rackcdn.com/img-H5EdJW4s.jpg
Pack cerveza kunstmann 4X330cc ipa botella,,4490,4490,https://7483c243aa9da28f329c-903e05bc00667eb97d832a11f670edad.ssl.cf1.rackcdn.com/img-Cla78zSf.jpg
Cerveza trio extra stout 330ml ale stout lata,,599,599,https://7483c243aa9da28f329c-903e05bc00667eb97d832a11f670edad.ssl.cf1.rackcdn.com/img-I8he2k7_.jpg
